<?xml version="1.0" encoding="UTF-8"?>
<config xmlns="http://www.knime.org/2008/09/XMLConfig" xmlns:xsi="http://www.w3.org/2001/XMLSchema-instance" xsi:schemaLocation="http://www.knime.org/2008/09/XMLConfig http://www.knime.org/XMLConfig_2008_09.xsd" key="MiningSchema">
<config key="learning">
<entry key="array-size" type="xint" value="13"/>
<entry key="0" type="xstring" value="Ce"/>
<entry key="1" type="xstring" value="LCOMCK"/>
<entry key="2" type="xstring" value="LCOMHS"/>
<entry key="3" type="xstring" value="LCOMPFI"/>
<entry key="4" type="xstring" value="LCOMTC"/>
<entry key="5" type="xstring" value="NOF"/>
<entry key="6" type="xstring" value="WMC"/>
<entry key="7" type="xstring" value="line.coverage"/>
<entry key="8" type="xstring" value="instructions.coverage"/>
<entry key="9" type="xstring" value="branche.coverage"/>
<entry key="10" type="xstring" value="complexity.coverage"/>
<entry key="11" type="xstring" value="method.coverage"/>
<entry key="12" type="xstring" value="mutants.score"/>
</config>
<config key="target">
<entry key="array-size" type="xint" value="1"/>
<entry key="0" type="xstring" value="has.bugs"/>
</config>
</config>
